"Package","Version"
"abind","1.4-8"
"affy","1.72.0"
"affyio","1.64.0"
"airway","1.14.0"
"amap","0.8-20"
"apcluster","1.4.13"
"apeglm","1.16.0"
"ashr","2.2-63"
"askpass","1.2.1"
"backports","1.5.0"
"base64","2.0.2"
"bbmle","1.0.25.1"
"bdsmatrix","1.3-7"
"beanplot","1.3.1"
"BH","1.87.0-1"
"BiocFileCache","2.2.1"
"BiocParallel","1.28.3"
"biomaRt","2.50.3"
"bit","4.5.0.1"
"bit64","4.6.0-1"
"bitops","1.0-9"
"blob","1.2.4"
"boot","1.3-31"
"brew","1.0-10"
"brio","1.1.5"
"broom","1.0.7"
"bslib","0.9.0"
"bumphunter","1.36.0"
"cachem","1.1.0"
"callr","3.7.6"
"carData","3.0-5"
"cellranger","1.1.0"
"ChIPpeakAnno","3.28.1"
"ChIPseeker","1.30.3"
"chk","0.10.0"
"cli","3.6.4"
"clipr","0.8.0"
"clusterCrit","1.3.0"
"clusterProfiler","4.2.2"
"cobalt","4.5.5"
"coda","0.19-4.1"
"codetools","0.2-20"
"colorspace","2.1-1"
"conflicted","1.2.0"
"CorLevelPlot","0.99.0"
"cpp11","0.5.1"
"crayon","1.5.3"
"credentials","2.0.2"
"curl","6.2.1"
"data.table","1.16.4"
"DBI","1.2.3"
"dbplyr","2.5.0"
"dbscan","1.2.2"
"DelayedMatrixStats","1.16.0"
"desc","1.4.3"
"devtools","2.4.5"
"DiffBind","3.4.11"
"diffobj","0.3.5"
"digest","0.6.37"
"doParallel","1.0.17"
"doRNG","1.8.6.1"
"downlit","0.4.4"
"dplyr","1.1.4"
"dtplyr","1.3.1"
"dynamicTreeCut","1.63-1"
"emdbook","1.3.13"
"enrichR","3.4"
"EnsDb.Hsapiens.v86","2.99.0"
"etrunct","0.1"
"evaluate","1.0.3"
"extrafont","0.19"
"extrafontdb","1.0"
"fansi","1.0.6"
"farver","2.1.2"
"fastcluster","1.2.6"
"fastmap","1.2.0"
"filelock","1.0.3"
"flashClust","1.01-2"
"fontawesome","0.5.3"
"fontBitstreamVera","0.1.1"
"fontLiberation","0.1.0"
"fontquiver","0.2.1"
"forcats","1.0.0"
"foreach","1.5.2"
"formatR","1.14"
"Formula","1.2-5"
"fs","1.6.5"
"gargle","1.5.2"
"gdtools","0.4.1"
"generics","0.1.3"
"GenomeInfoDb","1.30.1"
"GenomicFeatures","1.46.5"
"GenomicRanges","1.46.1"
"GEOquery","2.62.2"
"gert","2.1.4"
"ggnewscale","0.5.0"
"ggplot2","3.5.1"
"ggrepel","0.9.6"
"gh","1.4.1"
"gitcreds","0.1.2"
"glmnet","4.1-8"
"glue","1.8.0"
"googledrive","2.1.1"
"googlesheets4","1.1.1"
"GreyListChIP","1.26.0"
"gtable","0.3.6"
"haven","2.5.4"
"HDF5Array","1.22.1"
"here","1.0.1"
"hexbin","1.28.5"
"highr","0.11"
"hms","1.1.3"
"hrbrthemes","0.8.7"
"htmltools","0.5.8.1"
"httr","1.4.7"
"httr2","1.1.0"
"ids","1.0.1"
"igraph","2.1.4"
"IlluminaHumanMethylation450kanno.ilmn12.hg19","0.6.0"
"IlluminaHumanMethylationEPICanno.ilm10b4.hg19","0.6.0"
"illuminaio","0.36.0"
"impute","1.68.0"
"ini","0.3.1"
"InteractionSet","1.22.0"
"invgamma","1.1"
"irlba","2.3.5.1"
"isoband","0.2.7"
"iterators","1.0.14"
"jomo","2.7-6"
"jsonlite","1.9.0"
"knitr","1.49"
"labeling","0.4.3"
"lifecycle","1.0.4"
"limma","3.50.3"
"lme4","1.1-36"
"locfit","1.5-9.11"
"lubridate","1.9.4"
"magrittr","2.0.3"
"matrixStats","1.5.0"
"mclust","6.1.1"
"memoise","2.0.1"
"mice","3.17.0"
"minfi","1.40.0"
"miniUI","0.1.1.1"
"minqa","1.2.8"
"mitml","0.4-5"
"mixsqp","0.3-54"
"modelr","0.1.11"
"multtest","2.50.0"
"munsell","0.5.1"
"mvtnorm","1.3-3"
"nloptr","2.1.1"
"nor1mix","1.3-3"
"numDeriv","2016.8-1.1"
"openssl","2.3.2"
"ordinal","2023.12-4.1"
"pan","1.9"
"pillar","1.10.1"
"pkgbuild","1.4.6"
"pkgdown","2.1.1"
"pkgload","1.4.0"
"plotrix","3.8-4"
"plyr","1.8.9"
"png","0.1-8"
"praise","1.0.0"
"preprocessCore","1.56.0"
"prettyunits","1.2.0"
"processx","3.8.5"
"profvis","0.4.0"
"progress","1.2.3"
"proxy","0.4-27"
"ps","1.9.0"
"purrr","1.0.4"
"quadprog","1.5-8"
"R.methodsS3","1.8.2"
"R.oo","1.27.0"
"R.utils","2.12.3"
"R6","2.6.1"
"ragg","1.3.3"
"rbibutils","2.3"
"rcmdcheck","1.4.0"
"RColorBrewer","1.1-3"
"Rcpp","1.0.14"
"RcppEigen","0.3.4.0.2"
"RcppNumerical","0.6-0"
"RcppTOML","0.2.2"
"RCurl","1.98-1.16"
"Rdpack","2.6.2"
"reactome.db","1.77.0"
"readr","2.1.5"
"readxl","1.4.3"
"reformulas","0.4.0"
"regioneR","1.26.1"
"rematch","2.0.0"
"rematch2","2.1.2"
"remotes","2.5.0"
"reprex","2.1.1"
"reshape","0.8.9"
"restfulr","0.0.15"
"reticulate","1.40.0"
"rhdf5","2.38.1"
"rhdf5filters","1.6.0"
"Rhdf5lib","1.16.0"
"rjson","0.2.23"
"rlang","1.1.5"
"rmarkdown","2.29"
"rngtools","1.5.2"
"roxygen2","7.3.2"
"rprojroot","2.0.4"
"RSQLite","2.3.9"
"rstudioapi","0.17.1"
"Rtsne","0.17"
"Rttf2pt1","1.3.12"
"rversions","2.1.2"
"rvest","1.0.4"
"S4Vectors","0.32.4"
"sass","0.4.9"
"scales","1.3.0"
"scrime","1.3.5"
"selectr","0.4-2"
"sessioninfo","1.2.3"
"shape","1.4.6.1"
"ShortRead","1.52.0"
"siggenes","1.68.0"
"SparseM","1.84-2"
"sparseMatrixStats","1.6.0"
"SQUAREM","2021.1"
"stringi","1.8.4"
"stringr","1.5.1"
"sumer","1.1.5"
"sys","3.4.3"
"systemfonts","1.2.1"
"systemPipeR","2.0.8"
"testthat","3.2.3"
"textshaping","1.0.0"
"tibble","3.2.1"
"tidyr","1.3.1"
"tidyselect","1.2.1"
"tidyverse","2.0.0"
"timechange","0.3.0"
"tinytex","0.55"
"truncnorm","1.0-9"
"TxDb.Hsapiens.UCSC.hg19.knownGene","3.2.2"
"TxDb.Hsapiens.UCSC.hg38.knownGene","3.14.0"
"tzdb","0.4.0"
"ucminf","1.2.2"
"UpSetR","1.4.0"
"urlchecker","1.0.1"
"usethis","3.1.0"
"utf8","1.2.4"
"uuid","1.2-1"
"vctrs","0.6.5"
"VennDiagram","1.7.3"
"viridisLite","0.4.2"
"vroom","1.6.5"
"vsn","3.62.0"
"waldo","0.6.1"
"WeightIt","1.3.2"
"WGCNA","1.73"
"whisker","0.4.1"
"withr","3.0.2"
"WriteXLS","6.7.0"
"xfun","0.51"
"XML","3.99-0.19"
"xml2","1.3.6"
"xopen","1.0.1"
"yaml","2.3.10"
"zip","2.3.2"
"annotate","1.72.0"
"AnnotationDbi","1.56.2"
"AnnotationFilter","1.18.0"
"AnnotationForge","1.36.0"
"AnnotationHub","3.2.0"
"ape","5.5"
"aplot","0.1.1"
"argparse","2.1.5"
"askpass","1.1"
"assertthat","0.2.1"
"backports","1.3.0"
"base","4.1.0"
"base64enc","0.1-3"
"BH","1.75.0-0"
"Biobase","2.54.0"
"BiocFileCache","2.2.0"
"BiocGenerics","0.40.0"
"BiocIO","1.4.0"
"BiocManager","1.30.16"
"BiocParallel","1.28.0"
"BiocVersion","3.14.0"
"biomaRt","2.50.0"
"Biostrings","2.62.0"
"biovizBase","1.42.0"
"bit","4.0.4"
"bit64","4.0.5"
"bitops","1.0-7"
"blob","1.2.2"
"BSgenome","1.62.0"
"bslib","0.3.1"
"cachem","1.0.6"
"Category","2.60.0"
"caTools","1.18.2"
"checkmate","2.0.0"
"cli","3.1.0"
"cluster","2.1.2"
"clusterProfiler","4.2.0"
"colorspace","2.0-2"
"commonmark","1.7"
"compiler","4.1.0"
"cpp11","0.4.1"
"crayon","1.4.2"
"crosstalk","1.2.0"
"curl","4.3.2"
"data.table","1.14.2"
"datasets","4.1.0"
"DBI","1.1.1"
"dbplyr","2.1.1"
"DelayedArray","0.20.0"
"DESeq2","1.34.0"
"dichromat","2.0-0"
"digest","0.6.28"
"DO.db","2.9"
"DOSE","3.20.0"
"downloader","0.4"
"dplyr","1.0.7"
"DT","0.20"
"edgeR","3.36.0"
"ellipsis","0.3.2"
"enrichplot","1.14.1"
"enrichR","3.0"
"ensembldb","2.18.2"
"evaluate","0.14"
"fansi","0.5.0"
"farver","2.1.0"
"fastmap","1.1.0"
"fastmatch","1.1-3"
"fgsea","1.20.0"
"filelock","1.0.2"
"findpython","1.0.7"
"fontawesome","0.2.2"
"forcats","0.5.1"
"foreign","0.8-81"
"formatR","1.11"
"Formula","1.2-4"
"fs","1.5.0"
"futile.logger","1.4.3"
"futile.options","1.0.1"
"genefilter","1.76.0"
"geneplotter","1.72.0"
"generics","0.1.1"
"GenomeInfoDb","1.30.0"
"GenomeInfoDbData","1.2.7"
"GenomicAlignments","1.30.0"
"GenomicFeatures","1.46.1"
"GenomicRanges","1.46.0"
"getopt","1.20.3"
"GGally","2.1.2"
"ggbio","1.42.0"
"ggforce","0.3.3"
"ggfun","0.0.4"
"ggplot2","3.3.5"
"ggplotify","0.1.0"
"ggraph","2.0.5"
"ggrepel","0.9.1"
"ggtree","3.2.0"
"ggupset","0.3.0"
"glue","1.5.0"
"GO.db","3.14.0"
"GOSemSim","2.20.0"
"GOstats","2.60.0"
"gplots","3.1.1"
"graph","1.72.0"
"graphics","4.1.0"
"graphlayouts","0.7.1"
"grDevices","4.1.0"
"grid","4.1.0"
"gridExtra","2.3"
"gridGraphics","0.5-1"
"GSEABase","1.56.0"
"gtable","0.3.0"
"gtools","3.9.2"
"highr","0.9"
"Hmisc","4.6-0"
"hms","1.1.1"
"htmlTable","2.3.0"
"htmltools","0.5.2"
"htmlwidgets","1.5.4"
"httpuv","1.6.3"
"httr","1.4.2"
"hwriter","1.3.2"
"igraph","1.2.8"
"interactiveDisplayBase","1.32.0"
"IRanges","2.28.0"
"isoband","0.2.5"
"jpeg","0.1-9"
"jquerylib","0.1.4"
"jsonlite","1.7.2"
"KEGGREST","1.34.0"
"KernSmooth","2.23-20"
"knitr","1.36"
"labeling","0.4.2"
"lambda.r","1.2.4"
"later","1.3.0"
"lattice","0.20-45"
"latticeExtra","0.6-29"
"lazyeval","0.2.2"
"lifecycle","1.0.1"
"limma","3.50.0"
"locfit","1.5-9.4"
"magrittr","2.0.1"
"MASS","7.3-54"
"Matrix","1.3-4"
"MatrixGenerics","1.6.0"
"matrixStats","0.61.0"
"memoise","2.0.0"
"methods","4.1.0"
"mgcv","1.8-38"
"mime","0.12"
"munsell","0.5.0"
"nlme","3.1-153"
"nnet","7.3-16"
"openssl","1.4.5"
"optparse","1.7.1"
"org.Hs.eg.db","3.14.0"
"org.Mm.eg.db","3.14.0"
"OrganismDbi","1.36.0"
"parallel","4.1.0"
"patchwork","1.1.1"
"PFAM.db","3.14.0"
"pheatmap","1.0.12"
"pillar","1.6.4"
"pkgconfig","2.0.3"
"plogr","0.2.0"
"plyr","1.8.6"
"png","0.1-7"
"polyclip","1.10-0"
"prettyunits","1.1.1"
"progress","1.2.2"
"promises","1.2.0.1"
"ProtGenerics","1.26.0"
"purrr","0.3.4"
"qvalue","2.26.0"
"R.methodsS3","1.8.1"
"R.oo","1.24.0"
"R.utils","2.11.0"
"R6","2.5.1"
"rappdirs","0.3.3"
"RBGL","1.70.0"
"RColorBrewer","1.1-2"
"Rcpp","1.0.7"
"RcppArmadillo","0.10.7.3.0"
"RcppEigen","0.3.3.9.1"
"RCurl","1.98-1.5"
"ReportingTools","2.34.0"
"reshape","0.8.8"
"reshape2","1.4.4"
"restfulr","0.0.13"
"Rgraphviz","2.38.0"
"Rhtslib","1.26.0"
"rjson","0.2.20"
"rlang","0.4.12"
"rpart","4.1-15"
"Rsamtools","2.10.0"
"RSQLite","2.2.8"
"rstudioapi","0.13"
"rtracklayer","1.54.0"
"S4Vectors","0.32.2"
"sass","0.4.0"
"scales","1.1.1"
"scatterpie","0.1.7"
"shadowtext","0.0.9"
"shiny","1.7.1"
"snow","0.4-4"
"sourcetools","0.1.7"
"splines","4.1.0"
"stats","4.1.0"
"stats4","4.1.0"
"stringi","1.7.5"
"stringr","1.4.0"
"SummarizedExperiment","1.24.0"
"survival","3.2-13"
"sys","3.4"
"tcltk","4.1.0"
"tibble","3.1.6"
"tidygraph","1.2.0"
"tidyr","1.1.4"
"tidyselect","1.1.1"
"tidytree","0.3.6"
"tools","4.1.0"
"treeio","1.18.1"
"tweenr","1.0.2"
"utf8","1.2.2"
"utils","4.1.0"
"VariantAnnotation","1.40.0"
"vctrs","0.3.8"
"viridis","0.6.2"
"viridisLite","0.4.0"
"withr","2.4.2"
"xfun","0.28"
"XML","3.99-0.8"
"xml2","1.3.2"
"xtable","1.8-4"
"XVector","0.34.0"
"yaml","2.2.1"
"yulab.utils","0.0.4"
"zlibbioc","1.40.0"
